product_id,code,name,image,description,keep,,
148,TLJ790,Port Authority Tall Glacier Soft Shell Jacket,product-images/TLJ790.jpg," The Glacier is constructed from a polyester stretch woven shell, which is then bonded to polyester microfleece with an added laminate film insert to repel water.",1,,
212,SM-64000L,Gildan Softstyle Ladies T-Shirt,product-images/SM-6400L.jpg,"4.5-ounce, 100% ring spun cotton, tear away label, seam fitted.",1,,
187,SM-8400,SanMar 8400,product-images/SM-8400.jpg,"5.5-ounce, 50/50 cotton/poly",1,,
185,18500,Gildan - Heavy Blend Hooded Sweatshirt,product-images/18500.jpg,"8-ounce, 50/50 cotton/poly hooded sweatshirt with front pouch pocket.",1,,
188,SM-996M,SanMar Hoodie,product-images/SM-996M.jpg,"8-ounce, 50/50 cotton/poly NuBlend pill-resistant fleece",1,,
201,LSW285,Port Authority Ladies V-Neck Sweater,product-images/LSW285.jpg,"A beautiful and versatile addition to any work wardrobe, our fine-gauge v-neck sweater has fully-fashioned sleeves for strength, comfort and longer wear.",1,,
134,TLK500LS,Port Authority Tall Silk Touch Long Sleeve Polo,product-images/TLK500LS.jpg,"A favorite for years, our Silk Touch polo is soft, supple and easy to care for. ",0,,
39,L500LS,Port Authority Ladies Silk Touch Long Sleeve Polo,product-images/L500LS.jpg,"A favorite for years, our Silk Touch polo is soft, supple and easy to care for. The silky smooth pique knit resists wrinkles while the classic long sleeve style looks great on everyone.",0,,
384,SM-L500LS,Port Authority  Ladies Silk Touch  Long Sleeve Polo,product-images/SM-L500LS.jpg,"A favorite for years, our Silk Touch™ polo is soft, supple and easy to care for. The silky smooth pique knit resists wrinkles while the classic long sleeve style looks great on everyone.",1,,
424,SM-TLK500LS,Port Authority  Tall Silk Touch  Long Sleeve Polo,product-images/SM-TLK500LS.jpg,"A favorite for years, our Silk Touch™ polo is soft, supple and easy to care for. The silky smooth pique knit resists wrinkles while the classic long sleeve style looks great on everyone.",1,,
130,TLK420,Port Authority Tall Heavyweight Cotton Pique Polo,product-images/TLK420.jpg,"A favorite year after year, these polos are known for their exceptional range of colors, styles and sizes.",0,,
437,SM-TLK420,Port Authority  Tall Heavyweight Cotton Pique Polo,product-images/SM-TLK420.jpg,"A favorite year after year, these polos are known for their exceptional range of colors, styles and sizes. The soft pique knit is shrink-resistant and easy to care for, so your group will always look its best.",1,,
389,SM-L654,Port Authority  Ladies Long Sleeve Gingham Easy Care Shirt,product-images/SM-L654.jpg,"A fresh alternative to a solid-color shirt, our gingham check pattern is office-ready. Crafted in an Easy Care blend, this poplin style resists wrinkles and features bias-cut details.",1,,
199,LOG130,OGIO Ladies Metro Polo,product-images/LOG130.jpg,"A fresh, fashionable style that performs with big-city sophistication.",1,,
415,SM-S663,Port Authority SuperPro Twill Shirt,product-images/SM-S663.jpg,"A heavy hitter in performance, our SuperPro Twill Shirt easily resists wrinkles while releasing stains. Designed for comfort, this versatile shirt functions well in almost any work environment from the office to food service.",1,,
430,SM-TS663,Port Authority Tall SuperPro Twill Shirt,product-images/SM-TS663.jpg,"A heavy hitter in performance, our SuperPro Twill Shirt easily resists wrinkles while releasing stains. Designed for comfort, this versatile shirt functions well in almost any work environment—from the office to food service.",1,,
91,TLCS418,CornerStone Tall Select Lightweight Snag-Proof Polo,product-images/TLCS418.jpg,A heavy-duty workhorse at a lighter weight than our standard snag-proof polo.,1,,
444,SM-TLCS418,CornerStone   Tall Select Lightweight Snag Proof Polo,product-images/SM-TLCS418.jpg,"A heavy-duty workhorse at a lighter weight than our standard snag-proof polo. Moisture-wicking and odor-fighting, this hardworking shirt is also exceptionally durable.",1,,
232,SM-CS419,CornerStone  Ladies Select Lightweight Snag Proof Polo,product-images/SM-CS419.jpg,"A heavy-duty workhorse at a lighter weight than our standard snag-proof polo. Moisture-wicking and odor-fighting, this hardworking shirt is also exceptionally durable.",1,,
270,SM-DT7501,District Women s Flex Scoop Neck Tee,product-images/SM-DT7501.jpg,A hint of stretch. All-day comfort.,1,,
146,TLJ754,Port Authority Tall Challenger Jacket,product-images/TLJ754.jpg,"A long-time favorite, the Challenger has a traditional design and a durable, water-resistant Teklon nylon outer shell to keep you warm and dry.",1,,
105,Boots,Pair of Work Boots,product-images/Boots.jpg,A pair of work boots.,1,,
420,SM-PC55,Port   Company   Core Blend Tee,product-images/SM-PC55.jpg,"A reliable choice for comfort, softness and durability.",1,,
147,TLJ317,Port Authority Tall Core Soft Shell Jacket,product-images/TLJ317.jpg,A reliable soft shell at a real value. This go-to basic sheds wind and rain and is a perfect choice for corporate or team uniform.,0,,
256,SM-J317,Port Authority  Core Soft Shell Jacket,product-images/SM-J317.jpg,A reliable soft shell at a real value. This go-to basic sheds wind and rain and is a perfect choice for corporate or team uniforming.,1,,
416,SM-TLJ317,Port Authority  Tall Core Soft Shell Jacket,product-images/SM-TLJ317.jpg,A reliable soft shell at a real value. This go-to basic sheds wind and rain and is a perfect choice for corporate or team uniforming.,1,,
52,J317,Port Authority Core Soft Shell Jacket.,product-images/J317.jpg,A reliable soft shell at a real value. This go-to basic sheds wind and rain and is a perfect choice.,0,,
93,LK5434,Port Authority Ladies Concept Long Pocket Cardigan,product-images/LK5434.jpg,"A versatile cardigan with ease of movement and a longer length, ideal for a busy life.",0,,
388,SM-LK5434,Port Authority   Ladies Concept Long Pocket Cardigan,product-images/SM-LK5434.jpg,"A versatile cardigan with ease of movement and a longer length, ideal for a busy life.",1,,
404,SM-LSW287,Port Authority  Ladies Cardigan Sweater,product-images/SM-LSW287.jpg,A working woman's dream,1,,
421,SM-PC61,Port and Company   Essential Tee,product-images/SM-PC61.jpg,"A year-round essential, our best-selling t-shirt has been voted most popular"" by groups", teams," clubs and schools across America.""",1
377,SM-L226,Port Authority  Ladies Microfleece Vest,product-images/SM-L226.jpg,"Add a layer of warmth with our extra soft, cozy microfleece vest. ",1,,
197,BB18007,Brooks Brothers Women's Full-Button Satin Blouse,product-images/BB18007.jpg,"Add a touch of sophistication with this versatile blouse, made from a soft satin fabric featuring a subtle sheen. Designed for a classic fit with traditional flair.",1,,
124,J335,Port Authority Hooded Core Soft Shell Jacket,product-images/J335.jpg,"An attached hood, water-resistant, soft shell with extra rain-shielding protection. Not all colors available in all sizes.",0,,
88,K500,Port Authority Silk Touch Polo,product-images/K500.jpg,"An enduring favorite, our comfortable classic polo is anything but ordinary.",0,,
136,TLK500,Port Authority Tall Silk Touch Polo,product-images/TLK500.jpg,"An enduring favorite, our comfortable classic polo is anything but ordinary.",0,,
38,L500,Port Authority Ladies Silk Touch Polo,product-images/L500.jpg,"An enduring favorite, our comfortable classic polo is anything but ordinary. With superior wrinkle and shrink resistance, a silky soft hand and an incredible range of styles, sizes and colors, it is a first-rate choice for uniforming just about any group.",0,,
350,SM-K500,Port Authority  Silk Touch  Polo,product-images/SM-K500.jpg,"An enduring favorite, our comfortable classic polo is anything but ordinary. With superior wrinkle and shrink resistance, a silky soft hand and an incredible range of styles, sizes and colors, it's a first-rate choice for uniforming just about any group.",1,,
380,SM-L500,Port Authority  Ladies Silk Touch  Polo,product-images/SM-L500.jpg,"An enduring favorite, our comfortable classic polo is anything but ordinary. With superior wrinkle and shrink resistance, a silky soft hand and an incredible range of styles, sizes and colors, it's a first-rate choice for uniforming just about any group.",1,,
439,SM-TLK500,Port Authority  Tall Silk Touch  Polo,product-images/SM-TLK500.jpg,"An enduring favorite, our comfortable classic polo is anything but ordinary. With superior wrinkle and shrink resistance, a silky soft hand and an incredible range of styles, sizes and colors, it's a first-rate choice for uniforming just about any group.",1,,
150,TST850,Sport Tek Tall Sport-Wick Stretch 1/4-Zip Pullover,product-images/TST850.jpg,An extremely flexible layer with a soft-brushed backing and moisture control for year-round comfort.,0,,
443,SM-TST850,Sport Tek  Tall Sport Wick  Stretch 1/4 Zip Pullover,product-images/SM-TST850.jpg,An extremely flexible layer with a soft-brushed backing and moisture control for year-round comfort.,1,,
85,LM1008,Port Authority Ladies Concept Stretch Button-Front Cardigan,product-images/LM1008.jpg,"An indispensable layering piece, this extra soft cardigan has a shallow scoop neck and drapes nicely.",0,,
394,SM-LM1008,Port Authority  Ladies Concept Stretch Button Front Cardigan,product-images/SM-LM1008.jpg,"An indispensable layering piece, this extra soft cardigan has a shallow scoop neck and drapes nicely.",1,,
129,TLK100,Port Authority Tall Core Classic Pique Polo,product-images/TLK100.jpg,An indispensable polo for just about every uniform need.,0,,
163,Y100,Port Authority Youth Core Classic Pique Polo,product-images/Y100.jpg,An indispensable polo for just about every uniform need.,0,,
43,K100,Port Authority Core Classic Pique Polo.,product-images/K100.jpg,"An indispensable polo for just about every uniforming need. Designed for everyday wear, this pique polo is made from a durable blend for lived-in comfort, traditional good looks and exceptional value.",0,,
44,K100LS,Port Authority Long Sleeve Core Classic Pique Polo,product-images/K100LS.jpg,"An indispensable polo for just about every uniforming need. Designed for everyday wear, this pique polo is made from a durable blend for lived-in comfort, traditional good looks and exceptional value.",0,,
347,SM-K100,Port Authority  Core Classic Pique Polo,product-images/SM-K100.jpg,"An indispensable polo for just about every uniforming need. Designed for everyday wear, this pique polo is made from a durable blend for lived-in comfort, traditional good looks and exceptional value.",1,,
349,SM-K100LS,Port Authority  Long Sleeve Core Classic Pique Polo,product-images/SM-K100LS.jpg,"An indispensable polo for just about every uniforming need. Designed for everyday wear, this pique polo is made from a durable blend for lived-in comfort, traditional good looks and exceptional value.",1,,
428,SM-TLK100,Port Authority  Tall Core Classic Pique Polo,product-images/SM-TLK100.jpg,"An indispensable polo for just about every uniforming need. Designed for everyday wear, this pique polo is made from a durable blend for lived-in comfort, traditional good looks and exceptional value.",1,,
433,SM-Y100,Port Authority  Youth Core Classic Pique Polo,product-images/SM-Y100.jpg,"An indispensable polo for just about every uniforming need. Designed for everyday wear, this pique polo is made from a durable blend for lived-in comfort, traditional good looks and exceptional value.",1,,
401,SM-LPC54LS,Port Company Ladies Long Sleeve Core Cotton Tee,product-images/SM-LPC54LS.jpg,An indispensable t-shirt in our classic silhouette--with a very friendly price.,1,,
419,SM-PC54,Port Company Core Cotton Tee,product-images/SM-PC54.jpg,An indispensable t-shirt in our classic silhouette—with a very friendly price.,1,,
191,SM-C812,SanMar Cap,product-images/SM-C812.jpg,An ultra-breathable cap with the Flexfit stretch for a comfortable fit. A silver contrast underbill adds character to this trucker-style cap,1,,
101,ST264,Sport Tek PosiCharge  Sport-Wick Heather Fleece Hoodie,product-images/ST264.jpg,"As a warm up or cool down layer, this moisture-wicking and color-locking fleece is sure to be a hit.",0,,
410,SM-ST264,Sport Tek PosiCharge Sport Wick Heather Fleece Hooded Pullover,product-images/SM-ST264.jpg,"As a warm up or cool down layer, this moisture-wicking and color-locking fleece is sure to be a hit.",1,,
175,LW644,Port Authority Ladies Broadcloth Gingham Easy Care Shirt ,product-images/LW644.jpg,"Banish boring office attire! Created with traditional gingham colors and scale, our wrinkle-resistant shirts offer Easy Care convenience and everyday wearability.",0,,
252,SM-LW644,Port Authority   Ladies Broadcloth Gingham Easy Care Shirt,product-images/SM-LW644.jpg,"Banish boring office attire! Created with traditional gingham colors and scale, our wrinkle-resistant shirts offer Easy Care convenience and everyday wearability. ",1,,
296,SM-LW400,Port Authority   Ladies Short Sleeve Performance Staff Shirt,product-images/SM-LW400.jpg,"Be ready to perform your very best with these shirts designed with stain release, odor-fighting and moisture-wicking technologies",1,,
174,LW400,Port Authority Ladies Short Sleeve Performance Staff Shirt,product-images/LW400.jpg,"Be ready to perform your very best with these shirts designed with stain release, odor-fighting and moisture-wicking technologies.",0,,
183,K831,Port Authority Fine Pique Blend Blocked Polo,product-images/K831.jpg,"Bold colorblocking on the chest, sleeves and back yoke give this moisture-wicking polo instant appeal whether you're going 18 or going into the office.",1,,
206,266998,Nike Tech Sport Dri-FIT Polo.,product-images/266998.jpg,"Built from Dri-FIT fabric, this polo helps keep you cool and dry. The stitch-trimmed gussets make a distinctive statement and allow for easy movement. The design features a self-fabric collar, three-button placket and open hem sleeves.",1,,
194,SM-DT156,SanMar Cardigan,product-images/SM-DT156.jpg,Cardigan,1,,
230,SM-CTTK87,Carhartt   Tall Workwear Pocket Short Sleeve T Shirt,product-images/SM-CTTK87.jpg,"Carhartt’s bestselling, no-quit, original work shirt. A classic for 25 years.",1,,
431,SM-TLS600T,Port Authority  Tall Long Sleeve Twill Shirt,product-images/SM-TLS600T.jpg,"Clean, crisp and versatile, our twill shirt has a professional appearance with comfortable, garment-washed softness.",1,,
208,ST695,Sport-Tek PosiCharge Active Textured Colorblock Polo,product-images/ST695.jpg,"Colorblocking at the sleeves and sides, along with an understated texture, give this snag-resistant, moisture-wicking polo plenty of sporty interest. PosiCharge technology ensures colorfastness and optimal printability.",1,,
235,SM-LW680,Port Authority Ladies City Stretch Tunic,product-images/SM-LW680.jpg,"Comfort and performance meet classic corporate style. Odor-fighting, wrinkle-resistant and moisture-wicking, these looks have just the right amount of stretch to keep up with a busy day.",1,,
207,S608ES,Port Authority Extended Size Long Sleeve Easy Care Shirt,product-images/S608ES.jpg,Comfortable wash and wear shirt,1,,
86,L5430,Port Authority Ladies Concept Open Cardigan,product-images/L5430.jpg,"Created from super soft jersey knit, this cardigan fights indoor chill and instantly upgrades any corporate look.",0,,
382,SM-L5430,Port Authority  Ladies Concept Open Cardigan,product-images/SM-L5430.jpg,"Created from super soft jersey knit, this cardigan fights indoor chill and instantly upgrades any corporate look.",1,,
397,SM-LOG105,OGIO Glam Polo,product-images/SM-LOG105.jpg,"Designed to handle the curves, the Glam has a contoured fit and unique open hem cuffs with O debossed metal snaps.",1,,
240,SM-CS626,CornerStone  1/2 Zip Job Shirt,product-images/SM-CS626.jpg,"Developed with emergency services pros in mind, our versatile, durable job shirt is made to layer over a uniform shirt or under a jacket.",1,,
157,L298,Port Authority Ladies Fleece Blazer,product-images/L298.jpg,Dress it up or down: Our versatile fleece blazer looks polished with a woven shirt or more casual when paired with a tee,0,,
376,SM-L298,Port Authority  Ladies Fleece Blazer,product-images/SM-L298.jpg,Dress it up or down: Our versatile fleece blazer looks polished with a woven shirt or more casual when paired with a tee.,1,,
373,SM-L223,Port Authority  Ladies Microfleece Jacket,product-images/SM-L223.jpg,"For cool-to-cold weather, this lightweight microfleece jacket delivers warmth without unnecessary bulk.",1,,
51,L223,Port Authority Ladies Microfleece Jacket.,product-images/L223.jpg,"For cool-to-cold weather, this lightweight microfleece jacket delivers warmth without unnecessary bulk. Perfect alone or layered.",0,,
414,SM-MM7101,Mercer+Mettle  Women s Faille Soft Shell,product-images/SM-MM7101.jpg,"For rain-repelling and work-life blending, this shell has a refined, easy-moving shape and technical DWR-finished fabric. Reverse coil zip pockets keep essentials dry, safe and in place while the black, oxidized molded zipper extends through the collar.",1,,
250,SM-CT100614,Carhartt   Rain Defender   Paxton Heavyweight Hooded Zip Front Sweatshirt,product-images/SM-CT100614.jpg,"For those days when a heavy jacket is just too much to wear on the job, this durable, water-repellent sweatshirt is the solution.",1,,
418,SM-P180,Hanes EcoSmart  Full Zip Hooded Sweatshirt,product-images/SM-P180.jpg,Full-Zip Hooded Sweatshirt,1,,
186,SM-8000,SanMar 8000 T-shirt,product-images/SM-8000.jpg,Gildan - DryBlend 50 Cotton/50 Poly T-Shirt,1,,
190,SM-C806,SanMar Cap,product-images/SM-C806.jpg,Hat,1,,
398,SM-LOG101,OGIO Jewel Polo,product-images/SM-LOG101.jpg,"Impeccably designed for women everywhere, the Jewel has a contoured fit and streamlined style.",1,,
37,K8000,Port Authority EZCotton Polo.,product-images/K8000.jpg,"It was not easy making EZCotton better, but we did. Still made of soft, smooth, durable 100% cotton pique, our EZCotton Polo boasts an updated fit and a collar that resists curling. It also resists shrinking, wrinkling, pilling and fading with ease.",0,,
77,K8000LS,Port Authority EZCotton Long Sleeve Polo,product-images/K8000LS.jpg,"It wasn't easy making EZCotton better, but we did. Still made of soft, smooth, durable 100% cotton pique, our EZCotton Polo boasts an updated fit and a collar that resists curling. It also resists shrinking, wrinkling, pilling and fading with ease.",0,,
372,SM-K8000LS,Port Authority   EZCotton  Long Sleeve Polo,product-images/SM-K8000LS.jpg,"It wasn’t easy making EZCotton better, but we did. Still made of soft, smooth, durable 100% cotton pique, our EZCotton Polo boasts an updated fit and a collar that resists curling. It also resists shrinking, wrinkling, pilling and fading with ease.",1,,
368,SM-K8000,Port Authority  EZCotton  Polo,product-images/SM-K8000.jpg,"It wasn’t easy making EZCotton better, but we did. Still made of soft, smooth, durable 100% cotton pique, our new EZCotton Polo boasts an updated fit and a collar that resists curling. It also resists shrinking, wrinkling, pilling and fading with ease.",1,,
131,TW100,Port Authority Tall Long Sleeve Carefree Poplin Shirt,product-images/TW100.jpg,"Lightweight and breathable, our cotton-rich shirts keep their professional edge thanks to a stain-release finish, which releases stains during washing",0,,
429,SM-TW100,Port Authority   Tall Long Sleeve Carefree Poplin Shirt,product-images/SM-TW100.jpg,"Lightweight and breathable, our cotton-rich shirts keep their professional edge thanks to a stain-release finish, which releases stains during washing. Budget-friendly and durable, these virtually carefree shirts feature an Easy Care blend and finish.",1,,
383,SM-L528,Port Authority  Ladies Performance Fine Jacquard Polo,product-images/SM-L528.jpg,"Lightweight and breathable, this moisture-wicking shirt has a pleasing drape, subtle jacquard texture and an open placket for feminine style.",1,,
172,L528,Port Authority Ladies Performance Fine Jacquard Polo,product-images/L528.jpg,"Lightweight and breathable, this moisture-wicking shirt has a pleasing drape, subtle jacquard texture and an open placket for feminine style.",0,,
260,SM-DM1350L,District Women's Perfect Tri V-Neck Tee,product-images/SM-DM1350L.jpg,"Lightweight and extra soft, this tee is perfect",1,,
122,TST350,Sport Tek Tall PosiCharge Competitor Tee,product-images/TST350.jpg,"Lightweight, roomy and highly breathable, these moisture-wicking, value-priced tees feature PosiCharge technology to lock in color and prevent logos from fading.",0,,
438,SM-TST350,Sport Tek  Tall PosiCharge  Competitor   Tee,product-images/SM-TST350.jpg,"Lightweight, roomy and highly breathable, these moisture-wicking, value-priced tees feature PosiCharge technology to lock in color and prevent logos from fading.",1,,
285,SM-DT132L,District Women s Perfect Tri  Long Sleeve Tunic Tee,product-images/SM-DT132L.jpg,Long sleeve tunic version of our lightweight and soft crew.,1,,
138,TS658,Port Authority Tall SuperPro Oxford Shirt,product-images/TS658.jpg,Look your best in a tried-and-true oxford that performs.,0,,
298,SM-L659,Port Authority  Ladies Short Sleeve SuperPro  Oxford Shirt,product-images/SM-L659.jpg,"Look your best in a tried-and-true oxford that performs. Designed to release stains, our wrinkle-resistant SuperPro Oxford has a soft hand to keep you looking neat and professional all day long.",1,,
432,SM-TS658,Port Authority  Tall SuperPro  Oxford Shirt,product-images/SM-TS658.jpg,"Look your best in a tried-and-true oxford that performs. Designed to release stains, our wrinkle-resistant SuperPro Oxford has a soft hand to keep you looking neat and professional all day long.",1,,
181,BB18008,Brooks Brothers Wrinkle Free Stretch Patterned Shirt,product-images/BB18008.jpg,"Make a statement with this classic woven shirt, featuring a subtle glen plaid pattern and a comfortable fit. A premium treatment process keeps it wrinkle-free.",1,,
121,LM2000,Port Authority Ladies Knit Blazer,product-images/LM2000.jpg,"Mix it up at the office or after work with this versatile, modern blazer.",0,,
395,SM-LM2000,Port Authority  Ladies Knit Blazer,product-images/SM-LM2000.jpg,"Mix it up at the office or after work with this versatile, modern blazer. Designed for layering comfort, this easy-to-wear, deconstructed style can go from refined to casual and resist wrinkles all day long.",1,,
442,SM-OG150,OGIO  Command Polo,product-images/SM-OG150.jpg,"Mixing OGIO edge with a hint of fine merino wool, this polo takes command in the office or anywhere you go.",1,,
427,SM-TLJ790,Port Authority  Tall Glacier  Soft Shell Jacket,product-images/SM-TLJ790.jpg,"One of our most popular jackets, the Glacier is constructed from a polyester stretch woven shell, which is then bonded to polyester microfleece with an added laminate film insert. The result is a water-resistant jacket with stretch that’s perfect for",1,,
171,BB18005,Brooks Brothers Women's Casual Oxford ,product-images/BB18005.jpg,"Originally invented in 1900, this iconic silhouette embodies the off-duty professional look whether you dress it up or keep it casual.",1,,
182,BB18004,Brooks Brothers Casual Oxford Cloth Shirt,product-images/BB18004.jpg,"Originally invented in 1900, this iconic silhouette embodies the off-duty professional look whether you dress it up or keep it casual.",0,,
189,SM-BB18004,SanMar Oxford Shirt,product-images/SM-BB18004.jpg,"Originally invented in 1900, this iconic silhouette embodies the off-duty professional look whether you dress it up or keep it casual.",1,,
114,L469,Sport Tek Ladies Dri-Mesh V Neck Polo.,product-images/L469.jpg,Our double poly mesh construction wicks moisture better for superior breathability and comfort.,0,,
379,SM-L469,Sport Tek  Ladies Dri Mesh  V Neck Polo,product-images/SM-L469.jpg,Our double poly mesh construction wicks moisture better for superior breathability and comfort.,1,,
118,LK110,Port Authority Ladies Dry Zone UV Micro-Mesh Polo,product-images/LK110.jpg,"Our durable, moisture-wicking Dry Zone polo-now with UV protection.",0,,
391,SM-LK110,Port Authority  Ladies Dry Zone  UV Micro Mesh Polo,product-images/SM-LK110.jpg,"Our durable, moisture-wicking Dry Zone polo—now with UV protection. An exceptional value, this breathable mesh polo also resists snags. Colors coordinate with our Core Classic Pique Polos and Carefree Poplin Shirts.",1,,
135,TLK500P,Port Authority Tall Silk Touch Polo with Pocket,product-images/TLK500P.jpg,Our popular Silk Touch polo—enhanced with a left chest pocket.,0,,
426,SM-TLK500P,Port Authority  Tall Silk Touch  Polo with Pocket,product-images/SM-TLK500P.jpg,Our popular Silk Touch™ polo—enhanced with a left chest pocket.,1,,
36,L562,Port Authority Ladies Silk Touch 3/4-Sleeve Polo,product-images/L562.jpg,"Our silky soft, classic polo in a popular sleeve length.",0,,
381,SM-L562,Port Authority  Ladies Silk Touch  3/4 Sleeve Polo,product-images/SM-L562.jpg,"Our silky soft, classic polo in a popular sleeve length.",1,,
132,TLS600T,Port Authority Tall Long Sleeve Twill Shirt,product-images/TLS600T.jpg,"Our twill shirt has a professional appearance with comfortable, garment-washed softness.",1,,
375,SM-L333,Port Authority  Ladies Torrent Waterproof Jacket,product-images/SM-L333.jpg,"Our versatile, fully seam-sealed jacket offers outstanding waterproof protection to keep you dry whether you're on the job or on the trail.",1,,
300,SM-J333,Port Authority  Torrent Waterproof Jacket,product-images/SM-J333.jpg,"Our versatile, fully seam-sealed jacket offers outstanding waterproof protection to keep you dry whether you're on the job or on the trail. Folds into a convenient carry pouch for easy, compact storage.",1,,
179,L333,Port Authority Ladies Torrent Waterproof Jacket,product-images/L333.jpg,"Our versatile, fully seam-sealed jacket offers outstanding waterproof protection to keep you dry whether you're on the job or on the trail. Folds into a convenient carry pouch for easy, compact storage.",0,,
180,J333,Port Authority Torrent Waterproof Jacket,product-images/J333.jpg,"Our versatile, fully seam-sealed jacket offers outstanding waterproof protection to keep you dry whether you're on the job or on the trail. Folds into a convenient carry pouch for easy, compact storage.",0,,
149,TLJ705,Port Authority Tall Textured Soft Shell Jacket,product-images/TLJ705.jpg,"Perfect for everyday wear, our soft shell jackets have an understated texture that make them a bit more sophisticated than other soft shells.",0,,
411,SM-TLJ705,Port Authority  Tall Textured Soft Shell Jacket,product-images/SM-TLJ705.jpg,"Perfect for everyday wear, our soft shell jackets have an understated texture that make them a bit more sophisticated than other soft shells. Super soft with stretch, these wind-resistant, water-repellent jackets deliver pure comfort. The raglan",1,,
396,SM-LOE722,OGIO  Ladies Brink Soft Shell,product-images/SM-LOE722.jpg,PERFORMANCE HYBRID -  WATER-RESISTANT - WIND-RESISTANT,1,,
200,LST653,Sport-Tek Ladies Micropique Sport-Wick Piped Polo,product-images/LST653.jpg,"Piping on the shoulders and back give this moisture-wicking, snag-resistant polo sporty contrast.",1,,
109,LPC380,Port & Company Ladies Performance Tee,product-images/LPC380.jpg,"Rated UPF50 to help combat harmful UV rays, this tee also performs with Dry Zone  moisture-wicking technology to keep you cool, dry and comfortable.",1,,
374,SM-L219,Port Authority  Ladies Value Fleece Vest,product-images/SM-L219.jpg,"Ready for layering, this super soft, low-pill, midweight fleece vest offers great warmth at a great price",1,,
248,SM-F219,Port Authority  Value Fleece Vest,product-images/SM-F219.jpg,"Ready for layering, this super soft, low-pill, midweight fleece vest offers great warmth at a great price.",1,,
46,ST650,Sport Tek Micropique Sport-Wick Polo,product-images/ST650.jpg,Smooth micropique polos that wick moisture and resist snags.,0,,
47,LST650,Sport Tek Ladies Micropique Sport-Wick Polo.,product-images/LST650.jpg,Smooth micropique polos that wick moisture and resist snags.,0,,
405,SM-LST650,Sport Tek  Ladies Micropique Sport Wick  Polo,product-images/SM-LST650.jpg,Smooth micropique polos that wick moisture and resist snags.,1,,
413,SM-ST650,Sport Tek  Micropique Sport Wick  Polo,product-images/SM-ST650.jpg,Smooth micropique polos that wick moisture and resist snags.,1,,
142,TST655,Sport-Tek Tall Side Blocked Micropique Sport-Wick Polo,product-images/TST655.jpg,"Smooth, snag-resistant and moisture-wicking micropique with colorblock panels.",0,,
440,SM-TST655,Sport Tek Tall Sport Wick Polo,product-images/SM-TST655.jpg,"Smooth, snag-resistant and moisture-wicking micropique with colorblock panels.",1,,
133,TLK455,Port Authority Tall Rapid Dry Polo,product-images/TLK455.jpg,"Soft and breathable, this baby pique polo has our exclusive Rapid Dry moisture-wicking technology. ",0,,
425,SM-TLK455,Port Authority  Tall Rapid Dry  Polo,product-images/SM-TLK455.jpg,"Soft and breathable, this baby pique polo has our exclusive Rapid Dry™ moisture-wicking technology. This unique knit has a soft inner layer which wicks moisture away from your skin to the shirt's surface where it quickly disperses and evaporates.",1,,
409,SM-MM3023,Mercer+Mettle  Women s Open Front Cardigan Sweater,product-images/SM-MM3023.jpg,"Soft, comfortable, and as a transitional layer for day or night, this easy care sweater is a refined knit that won’t bag out with wear. Sophisticated details like square patch pockets and a wide, rib bottom hem lend a modern sensibility to accent your",1,,
196,L151,Port Authority Ladies Accord Microfleece Jacket,product-images/L151.jpg,"Soft, lightweight and low-profile, this anti-pill microfleece jacket provides lightweight layering and is appropriate for any uniforming program-including healthcare professionals",1,,
49,CSJ25,CornerStone ANSI 107 Class 3 Safety Windbreaker,product-images/CSJ25.jpg,Stay safer in inclement weather in this high-visibility windbreaker.,0,,
254,SM-CSJ25,CornerStone    ANSI 107 Class 3 Safety Windbreaker,product-images/SM-CSJ25.jpg,Stay safer in inclement weather in this high-visibility windbreaker.,1,,
295,SM-DT665,District Women s Medal Full Zip Hoodie,product-images/SM-DT665.jpg,Strengthen your style impact with this lightweight hoodie made for ease and versatility.,1,,
120,BB18203,Brooks Brothers Women's Mid-Layer Stretch 1/2-Button,product-images/BB18203.jpg,"Structured double-knit style with a luxuriously soft hand, this pullover skips the traditional zipper in favor of a relaxed, elevated look.",1,,
161,C2RW103S1Y,Radwear Lightweight Class E Rain Pants and Class 3 Type R Jackets,product-images/C2RW103S1Y.jpg,The lightweight rain pants and jacket has Reflectivz weatherproof and high visibility technology.,1,,
211,SM-C112,Richardson Trucker Hat,product-images/112.jpg,The Original 112 is the reference standard in truckers. Classic trucker cap style built with the Richardson quality and consistent fit you’ve come to expect. 50+ colorways and 50+ years of product excellence are just a few reasons this is the most popular,1,,
226,SM-CT102417,Carhartt Force   Ridgefield Solid Short Sleeve Shirt,product-images/SM-CT102417.jpg,"The same benefits as our long sleeve, just in a short sleeve. The quick-drying design of this lightweight, woven shirt sheds sweat to regulate your body temperature in a range of conditions",1,,
125,BG410,Port Authority Essential Zip Tote,product-images/BG410.jpg,There's plenty of room to hold the day's essentials in this must-have tote that comes in lots of colors and features a secure zippered top closure.,1,,
292,SM-CS201,CornerStone    ANSI 107 Class 2 Mesh Long Sleeve Tee,product-images/SM-CS201.jpg,"This breathable, moisture-wicking mesh tee delivers high visibility and on-the-job comfort",1,,
220,SM-C836,Port Authority  Enhanced Visibility Cap,product-images/SM-C836.jpg,"This cap has reflective taping in the sandwich, top of bill, back crown and closure.",1,,
89,DT156,District Women's Perfect Tri Hooded Cardigan,product-images/DT156.jpg,This cardigan is soft and perfect for layering.,1,,
123,L508,Port Authority Ladies Short Sleeve Easy Care Shirt,product-images/L508.jpg,This comfortable wash-and-wear shirt is indispensable for the workday.,0,,
80,TLS508,Port Authority Tall Short Sleeve Easy Care,product-images/TLS508.jpg,"This comfortable wash-and-wear shirt is indispensable for the workday. Wrinkle resistance makes this shirt a cut above the competition so you and your staff can be, too.",0,,
81,TLS608,Port Authority Tall Long Sleeve Easy Care Shirt,product-images/TLS608.jpg,"This comfortable wash-and-wear shirt is indispensable for the workday. Wrinkle resistance makes this shirt a cut above the competition so you and your staff can be, too.",0,,
385,SM-L508,Port Authority  Ladies Short Sleeve Easy Care  Shirt,product-images/SM-L508.jpg,"This comfortable wash-and-wear shirt is indispensable for the workday. Wrinkle resistance makes this shirt a cut above the competition so you and your staff can be, too.",1,,
423,SM-TLS608,Port Authority  Tall Long Sleeve Easy Care Shirt,product-images/SM-TLS608.jpg,"This comfortable wash-and-wear shirt is indispensable for the workday. Wrinkle resistance makes this shirt a cut above the competition so you and your staff can be, too.",1,,
434,SM-TLS508,Port Authority  Tall Short Sleeve Easy Care Shirt,product-images/SM-TLS508.jpg,"This comfortable wash-and-wear shirt is indispensable for the workday. Wrinkle resistance makes this shirt a cut above the competition so you and your staff can be, too.",1,,
268,SM-CS10LONG,Red Kap  Long Size  Long Sleeve Striped Industrial Work Shirt,product-images/SM-CS10LONG.jpg,This hardworking IL50 style has a professional stripe and is tested through 50 industrial launderer washes,1,,
242,SM-CS20,Red Kap  Short Sleeve Striped Industrial Work Shirt,product-images/SM-CS20.jpg,This hardworking IL50 style has a professional stripe and is tested through 50 industrial launderer washes,1,,
266,SM-CS20LONG,Red Kap  Long Size  Short Sleeve Striped Industrial Work Shirt,product-images/SM-CS20LONG.jpg,This hardworking IL50 style has a professional stripe and is tested through 50 industrial launderer washes.,1,,
221,SM-CS10,Red Kap  Long Sleeve Striped Industrial Work Shirt,product-images/SM-CS10.jpg,This hardworking IL50 style has a professional stripe and is tested through 50 industrial launderer washes.,1,,
119,LST660,Sport Tek Ladies Heather Contender Polo,product-images/LST660.jpg,"This heathered style is sure to be a contender for your favorite moisture-wicking, snag-resistant polo",0,,
402,SM-LST660,Sport Tek  Ladies Heather Contender  Polo,product-images/SM-LST660.jpg,"This heathered style is sure to be a contender for your favorite moisture-wicking, snag-resistant polo. Lightweight and breathable, it excels at sports or casual events and it's an exceptional value.",1,,
115,LST357,Sport Tek Ladies PosiCharge Competitor 1/4-Zip Pullover,product-images/LST357.jpg,This lightweight pullover locks in color and wicks moisture. It's versatile enough for year-round wear.,0,,
399,SM-LST357,Sport Tek  Ladies PosiCharge  Competitor  1/4 Zip Pullover,product-images/SM-LST357.jpg,This lightweight pullover locks in color and wicks moisture. It’s versatile enough for year-round wear.,1,,
195,411053,OGIO - Marshall Pack,product-images/411053.jpg,"This pack protects your laptop, caters to your professional needs and delivers bold OGIO style.",1,,
435,SM-TLK527,Port Authority  Tall Tech Pique Polo,product-images/SM-TLK527.jpg,This polo is a working person's dream,1,,
140,TLK527,Port Authority Tall Tech Pique Polo,product-images/TLK527.jpg,"This polo is a working person's dream: versatile, moisture-wicking and available in a rainbow of vibrant colors to complement any logo.",0,,
265,SM-CSJ24,CornerStone    ANSI 107 Class 3 Waterproof Parka,product-images/SM-CSJ24.jpg,This seam-sealed parka locks out moisture while helping ensure your safety.,1,,
159,LSW289,Port Authority Ladies Open Front Cardigan Sweater,product-images/LSW289.jpg,"This soft, cozy cardigan sweater has a flattering drape and features fully-fashioned sleeves for strength and enduring wear. Stylish longer rib knit height details at cuffs and hem",0,,
403,SM-LSW289,Port Authority  Ladies Open Front Cardigan Sweater,product-images/SM-LSW289.jpg,"This soft, cozy cardigan sweater has a flattering drape and features fully-fashioned sleeves for strength and enduring wear. Stylish longer rib knit height details at cuffs and hem.",1,,
155,L900,Port Authority Ladies Collective Outer Shell Jacket,product-images/L900.jpg,"This sophisticated, breathable and waterproof shell is fully seam-sealed to fight the elements with a water-shedding durable water-repellent (DWR) finish",0,,
390,SM-L900,Port Authority   Ladies Collective Outer Shell Jacket,product-images/SM-L900.jpg,"This sophisticated, breathable and waterproof shell is fully seam-sealed to fight the elements with a water-shedding durable water-repellent (DWR) finish.",1,,
33,SM-C821,Port Authority Perforated Cap.,product-images/SM-C821.jpg,This super lightweight cap—perfect for golf and other hot weather activities—has four perforated back panels for breathability and moisture-wicking performance.,1,,
279,SM-ST406,Sport Tek PosiCharge Tri Blend Wicking Long Sleeve Hoodie,product-images/SM-ST406.jpg,"This ultracomfortable long sleeve hoodie combines moisture-wicking performance, unbeatable softness and PosiCharge technology to lock in color.",1,,
112,L344,Port Authority Ladies Zephyr Full Zip Jacket,product-images/L344.jpg,This Zephyr style merges wind- and water-resisting performance with a silky smooth hand.,0,,
378,SM-L344,Port Authority  Ladies Zephyr Full Zip Jacket,product-images/SM-L344.jpg,This Zephyr style merges wind- and water-resisting performance with a silky smooth hand. This unlined piece is easy to wear over base or thermal layers. Modern sleek details offer instant appeal at a very appealing price.,1,,
176,LK111,Port Authority Ladies Dry Zone UV Micro-Mesh Tipped Polo,product-images/LK111.jpg,"Tipping on the collar and cuffs gives our durable, value-priced favorite a fresh look. Designed to perform, this moisture-wicking, breathable mesh polo also resists UV rays and snags",0,,
386,SM-LK111,Port Authority  Ladies Dry Zone  UV Micro Mesh Tipped Polo,product-images/SM-LK111.jpg,"Tipping on the collar and cuffs gives our durable, value-priced favorite a fresh look. Designed to perform, this moisture-wicking, breathable mesh polo also resists UV rays and snags. Colors coordinate with our Core Classic Pique Polos and Carefree",1,,
198,L543,Port Authority Ladies Concept Shrug,product-images/L543.jpg,Top off your look in style with this shrug that's equally flattering paired with a skirt or jeans.,1,,
128,TLCS412,CornerStone Tall Select Snag-Proof Polo,product-images/TLCS412.jpg,"Tough enough for most general work environments, this high-performance polo defies snags, resists wrinkles, fights odors and wicks moisture so you keep your professional edge all day long.",0,,
417,SM-TLCS412,CornerStone  Tall Select Snag Proof Polo,product-images/SM-TLCS412.jpg,"Tough enough for most general work environments, this high-performance polo defies snags, resists wrinkles, fights odors and wicks moisture so you keep your professional edge all day long.",1,,
406,SM-LST630,Sport Tek  Ladies Embossed PosiCharge  Tough Polo,product-images/SM-LST630.jpg,"Tough enough to conquer moisture, snags and color bleed, this smooth polo also features a subtle, allover embossed geometric pattern.",1,,
79,LW701,Port Authority Ladies 3/4-Sleeve Tunic Blouse,product-images/LW701.jpg,Transition seamlessly from professional life to play in this comfortable and flattering tunic blouse.,0,,
412,SM-LW701,Port Authority   Ladies 3/4 Sleeve Tunic Blouse,product-images/SM-LW701.jpg,Transition seamlessly from professional life to play in this comfortable and flattering tunic blouse.,1,,
371,SM-L130,Port Authority  Ladies Cozy 1/4 Zip Fleece,product-images/SM-L130.jpg,"Ultra-soft meets cozy warmth in these layerable sherpa fleece pullovers. Ideal for cooler days, they are comfortable, versatile and designed to fend off the chill in style.",1,,
156,L130,Port Authority Ladies Cozy 1/4-Zip Fleece,product-images/L130.jpg,"Ultra-soft meets cozy warmth in these layerable sherpa fleece pullovers. Ideal for cooler days, they are comfortable, versatile and designed to fend off the chill in style.",0,,
224,SM-CS200,CornerStone ANSI 107 Class 2 Mesh Tee,product-images/SM-CS200.jpg,Update this description.,1,,
236,SM-J335,Port Authority  Hooded Core Soft Shell Jacket,product-images/SM-J335.jpg,Update this description.,1,,
84,TLK540,Port Authority Tall Silk Touch Performance Polo,product-images/TLK540.jpg,We took our legendary Silk Touch Polo and made it work even harder,1,,
83,K540,Port Authority Silk Touch Performance Polo,product-images/K540.jpg,"We took our legendary Silk Touch Polo and made it work even harder. The durable Silk Touch Performance Polo wicks moisture, resists snags and thanks to PosiCharge® technology, holds onto its color for a professional look that lasts.",0,,
365,SM-K540,Port Authority  Silk Touch  Performance Polo,product-images/SM-K540.jpg,"We took our legendary Silk Touch Polo and made it work even harder. The durable, easy care Silk Touch Performance Polo wicks moisture, resists snags and thanks to PosiCharge® technology, holds onto its color for a professional look that lasts.",1,,
441,SM-TLK540,Port Authority  Tall Silk Touch  Performance Polo,product-images/SM-TLK540.jpg,"We took our legendary Silk Touch Polo and made it work even harder. The durable, easy care Silk Touch Performance Polo wicks moisture, resists snags and thanks to PosiCharge® technology, holds onto its color for a professional look that lasts. There's",1,,
42,K524,Port Authority Dry Zone Colorblock Ottoman Polo.,product-images/K524.jpg,"We took the Dry Zone moisture-wicking performance from our solid ottoman polos and added colorblocking on the collar, sides and sleeves. Colorfast and snag-resistant, this hardworking shirt is ready to do business.",0,,
364,SM-K524,Port Authority  Dry Zone  Colorblock Ottoman Polo,product-images/SM-K524.jpg,"We took the Dry Zone® moisture-wicking performance from our solid ottoman polos and added colorblocking on the collar, sides and sleeves. Colorfast and snag-resistant, this hardworking shirt is ready to do business.",1,,
137,TLK510,Port Authority Tall Stain Release Polo,product-images/TLK510.jpg,We've taken our classic silhouette and added superior wrinkle and shrink resistance,0,,
436,SM-TLK510,Port Authority  Tall Stain Release Polo,product-images/SM-TLK510.jpg,"We've taken our classic silhouette and added superior wrinkle and shrink resistance. Odor-fighting properties help minimize odor. We completed the moisture-wicking polo with a stain-release finish for long-lasting, professional wear.",1,,
78,TST650,Sport Tek Tall Micropique Sport-Wick Polo,product-images/TST650.jpg,"We've taken our Sport-Wick moisture-wicking technology and crafted a flat tricot micropique for a smoother, tighter fabric. Not just a sharp look—it's snag resistant, too.",0,,
422,SM-TST650,Sport Tek  Tall Micropique Sport Wick  Polo,product-images/SM-TST650.jpg,"We've taken our Sport-Wick® moisture-wicking technology and crafted a flat tricot micropique for a smoother, tighter fabric. Not just a sharp look—it's snag resistant, too.",1,,
141,TK469,Sport-Tek Tall Dri Mesh Polo,product-images/TK469.jpg,"When you get active, stay confident with the advanced double poly mesh construction of Dri-Mesh. Engineered to wick moisture with ease, this lightweight polo has superior breathability to help you keep your cool",0,,
408,SM-TK469,Sport Tek  Tall Dri Mesh  Polo,product-images/SM-TK469.jpg,"When you get active, stay confident with the advanced double poly mesh construction of Dri-Mesh®. Engineered to wick moisture with ease, this lightweight polo has superior breathability to help you keep your cool.",1,,
154,BB18601,Brooks Brothers Women's Quilted Jacket,product-images/BB18601.jpg,"With a flattering, low-profile fit and a refined look, this supple diamond-quilted jacket is designed to resist water and provide warmth when you need it.",1,,
209,L572,Port Authority Ladies Dry Zone Grid Polo,product-images/L572.jpg,"With a grid-like texture, this durable, smartly priced polo wicks moisture and controls odor--making it a favorite for team uniforming.",1,,
95,J321,Port Authority Colorblock 3-in-1 Jacket,product-images/J321.jpg,"With a quilted zip-in liner jacket, our water-resistant Colorblock 3-in-1 Jacket quickly adapts to the elements in the mountains or around the neighborhood.",0,,
227,SM-J321,Port Authority  Colorblock 3 in 1 Jacket,product-images/SM-J321.jpg,"With a quilted zip-in liner jacket, our water-resistant Colorblock 3-in-1 Jacket quickly adapts to the elements in the mountains or around the neighborhood.",1,,
50,L901,Port Authority Ladies Collective Soft Shell Jacket,product-images/L901.jpg,"With a subtle mini ripstop texture, this sophisticated soft shell has double-needle stitching throughout and sleek design lines. The water-resistant film and DWR finish combine to resist wind and rain for weather protection",0,,
387,SM-L901,Port Authority   Ladies Collective Soft Shell Jacket,product-images/SM-L901.jpg,"With a subtle mini ripstop texture, this stretch soft shell has double-needle stitching throughout and sleek design lines. The water-resistant film and DWR finish combine to resist wind and rain for weather protection.",1,,
369,SM-KP55T,Port and Company Tall Core Blend Jersey Knit Polo,product-images/SM-KP55T.jpg,"With an easy-to-care-for blend and a stain-release finish, this comfortable polo is a real value.",1,,
370,SM-KP55Y,Port   Company  Youth Core Blend Jersey Knit Polo,product-images/SM-KP55Y.jpg,"With an easy-to-care-for blend and a stain-release finish, this comfortable polo is a real value.",1,,
393,SM-LK583,Port Authority   Ladies Stretch Heather Open Neck Top,product-images/SM-LK583.jpg,"With an elevated heather look, this office-ready top has plenty of stretch for unrestricted movement.",1,,
108,LK583,Port Authority  Ladies Stretch Heather Open Neck Top,product-images/LK583.jpg,"With an elevated heather look, this office-ready top has plenty of stretch for unrestricted movement. With moisture wicking, this style also performs.",1,,
257,SM-CS411,CornerStone    Ladies Select Snag Proof Tactical Polo,product-images/SM-CS411.jpg,"With strategically placed mic clips and dual pen pockets, our tactical polo is designed for event staff, security and law enforcement. Built for performance, this snag-proof, moisture-wicking, odor fighting shirt will keep you sharp and professional",1,,
407,SM-TLCS410,CornerStone Tall Select Snag Proof Tactical Polo,product-images/SM-TLCS410.jpg,"With strategically placed mic clips and dual pen pockets, our tactical polo is designed for event staff, security and law enforcement. Built for performance, this snag-proof, moisture-wicking, odor-fighting shirt will keep you sharp and",1,,
247,SM-CS410,CornerStone Select Snag Proof Tactical Polo,product-images/SM-CS410.jpg,"With strategically placed mic clips and dual pen pockets, our tactical polo is designed for event staff, security and law enforcement. Built for performance, this snag-proof, moisture-wicking, odor-fighting shirt will keep you sharp and professional-looki",1,,
297,SM-CS410LS,CornerStone Select Long Sleeve Snag Proof Tactical Polo,product-images/SM-CS410LS.jpg,"With strategically placed mic clips and dual pen pockets, our tactical polos are designed for event staff, security and law enforcement. Built for performance, these snag-proof, moisture-wicking, odor-fighting shirts will keep you sharp and professional.",1,,
152,BC6400,BELLA+CANVAS  Women's Relaxed Jersey Short Sleeve Tee,product-images/BC6400.jpg,Women's Relaxed Jersey Short Sleeve Tee.,1,,
400,SM-LPC450VLS,Port   Company  Ladies Long Sleeve Fan Favorite   V Neck Tee,product-images/SM-LPC450VLS.jpg,You'll be the biggest fan around of this 100% ring spun cotton tee.,1,,
213,SM-8800B,Gildan Youth DryBlend 6-Ounce Jersey Knit Sport Shirt,product-images/SM-8800B.jpg,Youth 50/50 cotton/poly Shirt,1,,